filename,width,height,class,xmin,ymin,xmax,ymax
16_jpg.rf.100c73c54ba9fd066f6cf4470e284690.jpg,640,480,005_tomato_soup_can,257,294,300,360
16_jpg.rf.100c73c54ba9fd066f6cf4470e284690.jpg,640,480,010_potted_meat_can,330,287,387,342
16_jpg.rf.100c73c54ba9fd066f6cf4470e284690.jpg,640,480,009_gelatin_box,426,298,489,347
16_jpg.rf.100c73c54ba9fd066f6cf4470e284690.jpg,640,480,052_extra_large_clamp,315,347,442,435
26_jpg.rf.1906f52b1b4da457c50c3cc601d48393.jpg,640,480,002_master_chef_can,258,289,336,399
26_jpg.rf.1906f52b1b4da457c50c3cc601d48393.jpg,640,480,011_banana,97,351,227,395
26_jpg.rf.1906f52b1b4da457c50c3cc601d48393.jpg,640,480,040_large_marker,34,363,107,386
26_jpg.rf.1906f52b1b4da457c50c3cc601d48393.jpg,640,480,051_large_clamp,51,397,168,467
26_jpg.rf.1906f52b1b4da457c50c3cc601d48393.jpg,640,480,036_wood_block,170,234,230,357
65_jpg.rf.02bd74fab52a8b3a6256fbb0368a09bb.jpg,640,480,036_wood_block,13,258,101,397
65_jpg.rf.02bd74fab52a8b3a6256fbb0368a09bb.jpg,640,480,002_master_chef_can,102,274,170,367
65_jpg.rf.02bd74fab52a8b3a6256fbb0368a09bb.jpg,640,480,011_banana,111,362,199,412
65_jpg.rf.02bd74fab52a8b3a6256fbb0368a09bb.jpg,640,480,006_mustard_bottle,201,247,257,355
47_jpg.rf.1f70a739a9908c91a059ac1fed2e08a1.jpg,640,480,005_tomato_soup_can,271,275,313,335
47_jpg.rf.1f70a739a9908c91a059ac1fed2e08a1.jpg,640,480,008_pudding_box,191,259,241,324
47_jpg.rf.1f70a739a9908c91a059ac1fed2e08a1.jpg,640,480,007_tuna_fish_can,269,336,319,373
47_jpg.rf.1f70a739a9908c91a059ac1fed2e08a1.jpg,640,480,061_foam_brick,182,314,218,361
47_jpg.rf.1f70a739a9908c91a059ac1fed2e08a1.jpg,640,480,037_scissors,132,355,204,415
22_jpg.rf.15dfb15e9bf19ca25bcc2f6c64160303.jpg,640,480,007_tuna_fish_can,368,224,440,280
22_jpg.rf.15dfb15e9bf19ca25bcc2f6c64160303.jpg,640,480,061_foam_brick,307,265,397,339
22_jpg.rf.15dfb15e9bf19ca25bcc2f6c64160303.jpg,640,480,006_mustard_bottle,207,122,274,290
22_jpg.rf.15dfb15e9bf19ca25bcc2f6c64160303.jpg,640,480,035_power_drill,72,313,305,480
22_jpg.rf.15dfb15e9bf19ca25bcc2f6c64160303.jpg,640,480,051_large_clamp,417,296,587,407
9_jpg.rf.15e817736df5a26c6e96d88eaf1d8033.jpg,640,480,002_master_chef_can,109,291,175,395
9_jpg.rf.15e817736df5a26c6e96d88eaf1d8033.jpg,640,480,008_pudding_box,169,328,243,430
9_jpg.rf.15e817736df5a26c6e96d88eaf1d8033.jpg,640,480,025_mug,297,349,365,429
9_jpg.rf.15e817736df5a26c6e96d88eaf1d8033.jpg,640,480,006_mustard_bottle,213,248,271,354
90_jpg.rf.14bea627290fcf3cb90044aa0d26de70.jpg,640,480,003_cracker_box,94,208,223,397
90_jpg.rf.14bea627290fcf3cb90044aa0d26de70.jpg,640,480,008_pudding_box,241,255,294,337
90_jpg.rf.14bea627290fcf3cb90044aa0d26de70.jpg,640,480,005_tomato_soup_can,330,265,369,328
90_jpg.rf.14bea627290fcf3cb90044aa0d26de70.jpg,640,480,025_mug,281,300,345,365
90_jpg.rf.14bea627290fcf3cb90044aa0d26de70.jpg,640,480,037_scissors,263,376,401,414
71_jpg.rf.1a60cf13f9ea139b9bd4f03fc856c2b0.jpg,640,480,011_banana,167,310,258,357
71_jpg.rf.1a60cf13f9ea139b9bd4f03fc856c2b0.jpg,640,480,009_gelatin_box,202,261,233,325
71_jpg.rf.1a60cf13f9ea139b9bd4f03fc856c2b0.jpg,640,480,025_mug,294,263,349,315
71_jpg.rf.1a60cf13f9ea139b9bd4f03fc856c2b0.jpg,640,480,051_large_clamp,250,336,358,394
71_jpg.rf.1a60cf13f9ea139b9bd4f03fc856c2b0.jpg,640,480,040_large_marker,350,267,368,339
17_jpg.rf.14e730a2c2ba5aff6a8f5d55d498ea24.jpg,640,480,021_bleach_cleanser,325,54,392,243
17_jpg.rf.14e730a2c2ba5aff6a8f5d55d498ea24.jpg,640,480,025_mug,322,222,421,314
17_jpg.rf.14e730a2c2ba5aff6a8f5d55d498ea24.jpg,640,480,024_bowl,455,232,621,339
17_jpg.rf.14e730a2c2ba5aff6a8f5d55d498ea24.jpg,640,480,007_tuna_fish_can,291,323,387,410
17_jpg.rf.14e730a2c2ba5aff6a8f5d55d498ea24.jpg,640,480,009_gelatin_box,169,238,268,330
10_jpg.rf.0cc4692eb8ac900bfc445ba32235fc31.jpg,640,480,021_bleach_cleanser,411,262,468,414
10_jpg.rf.0cc4692eb8ac900bfc445ba32235fc31.jpg,640,480,004_sugar_box,287,281,347,394
10_jpg.rf.0cc4692eb8ac900bfc445ba32235fc31.jpg,640,480,035_power_drill,295,389,408,467
10_jpg.rf.0cc4692eb8ac900bfc445ba32235fc31.jpg,640,480,037_scissors,208,385,290,424
10_jpg.rf.0cc4692eb8ac900bfc445ba32235fc31.jpg,640,480,007_tuna_fish_can,175,414,237,461
68_jpg.rf.21f032817a064fb4dc1ef7b9a8dd389c.jpg,640,480,051_large_clamp,162,359,275,427
68_jpg.rf.21f032817a064fb4dc1ef7b9a8dd389c.jpg,640,480,011_banana,147,318,255,352
68_jpg.rf.21f032817a064fb4dc1ef7b9a8dd389c.jpg,640,480,006_mustard_bottle,142,221,194,319
68_jpg.rf.21f032817a064fb4dc1ef7b9a8dd389c.jpg,640,480,025_mug,292,281,340,334
16_jpg.rf.03a645da747ffdae325e7ad78aa924f5.jpg,640,480,021_bleach_cleanser,217,178,277,327
16_jpg.rf.03a645da747ffdae325e7ad78aa924f5.jpg,640,480,009_gelatin_box,183,321,262,380
16_jpg.rf.03a645da747ffdae325e7ad78aa924f5.jpg,640,480,061_foam_brick,300,313,368,361
16_jpg.rf.03a645da747ffdae325e7ad78aa924f5.jpg,640,480,036_wood_block,44,233,143,395
16_jpg.rf.03a645da747ffdae325e7ad78aa924f5.jpg,640,480,037_scissors,110,400,277,454
28_jpg.rf.26495feba25f4a7a90764c05864bae1e.jpg,640,480,008_pudding_box,366,238,488,309
28_jpg.rf.26495feba25f4a7a90764c05864bae1e.jpg,640,480,004_sugar_box,201,257,365,377
28_jpg.rf.26495feba25f4a7a90764c05864bae1e.jpg,640,480,010_potted_meat_can,117,355,292,480
28_jpg.rf.26495feba25f4a7a90764c05864bae1e.jpg,640,480,052_extra_large_clamp,366,345,612,480
75_jpg.rf.038abdecb170364f15cbbb82dbb9bf48.jpg,640,480,011_banana,129,327,237,362
75_jpg.rf.038abdecb170364f15cbbb82dbb9bf48.jpg,640,480,035_power_drill,179,274,254,417
75_jpg.rf.038abdecb170364f15cbbb82dbb9bf48.jpg,640,480,035_power_drill,243,217,298,327
75_jpg.rf.038abdecb170364f15cbbb82dbb9bf48.jpg,640,480,040_large_marker,311,304,331,382
75_jpg.rf.038abdecb170364f15cbbb82dbb9bf48.jpg,640,480,025_mug,323,292,376,351
11_jpg.rf.1e394a45ff8969b98124878e54787760.jpg,640,480,035_power_drill,294,179,422,322
11_jpg.rf.1e394a45ff8969b98124878e54787760.jpg,640,480,007_tuna_fish_can,270,342,354,412
11_jpg.rf.1e394a45ff8969b98124878e54787760.jpg,640,480,037_scissors,126,306,278,386
11_jpg.rf.1e394a45ff8969b98124878e54787760.jpg,640,480,004_sugar_box,174,150,261,291
11_jpg.rf.1e394a45ff8969b98124878e54787760.jpg,640,480,021_bleach_cleanser,80,148,172,337
13_jpg.rf.20563334b32f469ee7523fdefcc077e5.jpg,640,480,021_bleach_cleanser,320,307,382,374
13_jpg.rf.20563334b32f469ee7523fdefcc077e5.jpg,640,480,009_gelatin_box,210,330,273,380
13_jpg.rf.20563334b32f469ee7523fdefcc077e5.jpg,640,480,008_pudding_box,59,353,164,439
13_jpg.rf.20563334b32f469ee7523fdefcc077e5.jpg,640,480,040_large_marker,237,337,259,421
13_jpg.rf.20563334b32f469ee7523fdefcc077e5.jpg,640,480,010_potted_meat_can,351,351,428,430
60_jpg.rf.2365f96d5bbe20bdfa56a5416d53d325.jpg,640,480,004_sugar_box,139,271,219,430
60_jpg.rf.2365f96d5bbe20bdfa56a5416d53d325.jpg,640,480,002_master_chef_can,219,274,285,366
60_jpg.rf.2365f96d5bbe20bdfa56a5416d53d325.jpg,640,480,011_banana,238,361,338,411
60_jpg.rf.2365f96d5bbe20bdfa56a5416d53d325.jpg,640,480,006_mustard_bottle,313,251,363,356
60_jpg.rf.2365f96d5bbe20bdfa56a5416d53d325.jpg,640,480,035_power_drill,332,265,439,387
56_jpg.rf.183ffc503fab24edb1e08708bee17de4.jpg,640,480,024_bowl,208,361,332,445
56_jpg.rf.183ffc503fab24edb1e08708bee17de4.jpg,640,480,052_extra_large_clamp,25,353,151,427
56_jpg.rf.183ffc503fab24edb1e08708bee17de4.jpg,640,480,010_potted_meat_can,126,293,187,353
56_jpg.rf.183ffc503fab24edb1e08708bee17de4.jpg,640,480,006_mustard_bottle,202,240,254,345
56_jpg.rf.183ffc503fab24edb1e08708bee17de4.jpg,640,480,005_tomato_soup_can,231,311,277,384
28_jpg.rf.1fc1d23b443d62560cb39f0b51fbd19a.jpg,640,480,002_master_chef_can,340,249,395,329
28_jpg.rf.1fc1d23b443d62560cb39f0b51fbd19a.jpg,640,480,004_sugar_box,285,244,339,396
28_jpg.rf.1fc1d23b443d62560cb39f0b51fbd19a.jpg,640,480,006_mustard_bottle,170,255,244,375
28_jpg.rf.1fc1d23b443d62560cb39f0b51fbd19a.jpg,640,480,040_large_marker,238,165,254,222
28_jpg.rf.1fc1d23b443d62560cb39f0b51fbd19a.jpg,640,480,040_large_marker,215,219,278,324
48_jpg.rf.28e57759cc9b2b2ef91ab024830583b5.jpg,640,480,008_pudding_box,157,257,203,340
48_jpg.rf.28e57759cc9b2b2ef91ab024830583b5.jpg,640,480,005_tomato_soup_can,250,264,288,325
48_jpg.rf.28e57759cc9b2b2ef91ab024830583b5.jpg,640,480,037_scissors,197,362,328,402
48_jpg.rf.28e57759cc9b2b2ef91ab024830583b5.jpg,640,480,007_tuna_fish_can,298,314,351,353
48_jpg.rf.28e57759cc9b2b2ef91ab024830583b5.jpg,640,480,061_foam_brick,187,315,238,360
81_jpg.rf.27a9473c791c886b3d5fa65a948f9804.jpg,640,480,010_potted_meat_can,57,345,135,419
81_jpg.rf.27a9473c791c886b3d5fa65a948f9804.jpg,640,480,061_foam_brick,128,310,174,363
81_jpg.rf.27a9473c791c886b3d5fa65a948f9804.jpg,640,480,004_sugar_box,259,231,318,349
81_jpg.rf.27a9473c791c886b3d5fa65a948f9804.jpg,640,480,007_tuna_fish_can,177,388,244,440
81_jpg.rf.27a9473c791c886b3d5fa65a948f9804.jpg,640,480,024_bowl,329,338,439,408
14_jpg.rf.2a71673e1e57d2345ff8333925e640e9.jpg,640,480,005_tomato_soup_can,340,226,395,309
14_jpg.rf.2a71673e1e57d2345ff8333925e640e9.jpg,640,480,009_gelatin_box,281,302,371,365
14_jpg.rf.2a71673e1e57d2345ff8333925e640e9.jpg,640,480,025_mug,166,307,264,401
14_jpg.rf.2a71673e1e57d2345ff8333925e640e9.jpg,640,480,024_bowl,169,244,282,299
14_jpg.rf.2a71673e1e57d2345ff8333925e640e9.jpg,640,480,010_potted_meat_can,90,262,162,355
13_jpg.rf.3c797bdedc3f82141d2e12d4ef224253.jpg,640,480,024_bowl,269,338,373,404
13_jpg.rf.3c797bdedc3f82141d2e12d4ef224253.jpg,640,480,010_potted_meat_can,189,329,260,397
13_jpg.rf.3c797bdedc3f82141d2e12d4ef224253.jpg,640,480,025_mug,113,376,199,468
13_jpg.rf.3c797bdedc3f82141d2e12d4ef224253.jpg,640,480,009_gelatin_box,228,425,323,480
13_jpg.rf.3c797bdedc3f82141d2e12d4ef224253.jpg,640,480,005_tomato_soup_can,355,370,413,474
26_jpg.rf.364caa7ac6cf414104f0dd988e279cba.jpg,640,480,004_sugar_box,258,236,319,361
26_jpg.rf.364caa7ac6cf414104f0dd988e279cba.jpg,640,480,008_pudding_box,165,335,262,396
26_jpg.rf.364caa7ac6cf414104f0dd988e279cba.jpg,640,480,010_potted_meat_can,320,324,387,398
26_jpg.rf.364caa7ac6cf414104f0dd988e279cba.jpg,640,480,052_extra_large_clamp,192,401,350,476
21_jpg.rf.0622284fc062a12ec7c41787ce1ca07a.jpg,640,480,051_large_clamp,294,365,444,459
21_jpg.rf.0622284fc062a12ec7c41787ce1ca07a.jpg,640,480,007_tuna_fish_can,419,310,485,360
21_jpg.rf.0622284fc062a12ec7c41787ce1ca07a.jpg,640,480,006_mustard_bottle,305,197,375,321
21_jpg.rf.0622284fc062a12ec7c41787ce1ca07a.jpg,640,480,061_foam_brick,312,320,387,372
21_jpg.rf.0622284fc062a12ec7c41787ce1ca07a.jpg,640,480,035_power_drill,161,232,292,397
27_jpg.rf.3598952d452f3716f0c9d29c19dd28fb.jpg,640,480,052_extra_large_clamp,271,324,409,419
27_jpg.rf.3598952d452f3716f0c9d29c19dd28fb.jpg,640,480,010_potted_meat_can,291,261,359,331
27_jpg.rf.3598952d452f3716f0c9d29c19dd28fb.jpg,640,480,004_sugar_box,171,192,237,326
27_jpg.rf.3598952d452f3716f0c9d29c19dd28fb.jpg,640,480,008_pudding_box,171,294,260,400
0_jpg.rf.2551d14bdc26496782afec9c72255a1c.jpg,640,480,035_power_drill,41,114,206,273
0_jpg.rf.2551d14bdc26496782afec9c72255a1c.jpg,640,480,036_wood_block,157,248,296,445
0_jpg.rf.2551d14bdc26496782afec9c72255a1c.jpg,640,480,052_extra_large_clamp,227,198,346,278
0_jpg.rf.2551d14bdc26496782afec9c72255a1c.jpg,640,480,051_large_clamp,337,187,450,259
0_jpg.rf.2551d14bdc26496782afec9c72255a1c.jpg,640,480,037_scissors,380,270,490,386
46_jpg.rf.3f69520c417bc32348ca7dbb01eddbb5.jpg,640,480,008_pudding_box,240,254,287,325
46_jpg.rf.3f69520c417bc32348ca7dbb01eddbb5.jpg,640,480,005_tomato_soup_can,297,281,337,349
46_jpg.rf.3f69520c417bc32348ca7dbb01eddbb5.jpg,640,480,061_foam_brick,194,305,245,351
46_jpg.rf.3f69520c417bc32348ca7dbb01eddbb5.jpg,640,480,037_scissors,123,342,180,402
46_jpg.rf.3f69520c417bc32348ca7dbb01eddbb5.jpg,640,480,007_tuna_fish_can,232,345,294,386
25_jpg.rf.2e3ba691cb873d2405a5f4c519412536.jpg,640,480,006_mustard_bottle,347,271,426,393
25_jpg.rf.2e3ba691cb873d2405a5f4c519412536.jpg,640,480,011_banana,291,377,417,424
25_jpg.rf.2e3ba691cb873d2405a5f4c519412536.jpg,640,480,035_power_drill,135,322,265,400
25_jpg.rf.2e3ba691cb873d2405a5f4c519412536.jpg,640,480,051_large_clamp,106,402,214,478
25_jpg.rf.2e3ba691cb873d2405a5f4c519412536.jpg,640,480,037_scissors,235,413,394,480
34_jpg.rf.2fc2576e13889471fb23f505ba7d8d48.jpg,640,480,051_large_clamp,299,330,400,399
34_jpg.rf.2fc2576e13889471fb23f505ba7d8d48.jpg,640,480,061_foam_brick,209,338,267,391
34_jpg.rf.2fc2576e13889471fb23f505ba7d8d48.jpg,640,480,003_cracker_box,205,203,297,331
34_jpg.rf.2fc2576e13889471fb23f505ba7d8d48.jpg,640,480,002_master_chef_can,184,272,243,359
30_jpg.rf.36830377f6fbf72a9ca9dcac2274274d.jpg,640,480,002_master_chef_can,336,220,394,300
30_jpg.rf.36830377f6fbf72a9ca9dcac2274274d.jpg,640,480,061_foam_brick,284,304,345,356
30_jpg.rf.36830377f6fbf72a9ca9dcac2274274d.jpg,640,480,036_wood_block,199,198,274,315
30_jpg.rf.36830377f6fbf72a9ca9dcac2274274d.jpg,640,480,003_cracker_box,85,186,202,358
64_jpg.rf.25e0e7e1cbe9c10039af4a2b9abdea8e.jpg,640,480,002_master_chef_can,100,243,160,326
64_jpg.rf.25e0e7e1cbe9c10039af4a2b9abdea8e.jpg,640,480,011_banana,165,300,265,329
64_jpg.rf.25e0e7e1cbe9c10039af4a2b9abdea8e.jpg,640,480,006_mustard_bottle,164,210,215,299
64_jpg.rf.25e0e7e1cbe9c10039af4a2b9abdea8e.jpg,640,480,036_wood_block,293,211,358,326
7_jpg.rf.51abdce90366185ed764ac7892a8705f.jpg,640,480,037_scissors,245,147,339,192
7_jpg.rf.51abdce90366185ed764ac7892a8705f.jpg,640,480,036_wood_block,214,152,358,241
7_jpg.rf.51abdce90366185ed764ac7892a8705f.jpg,640,480,035_power_drill,110,125,192,274
7_jpg.rf.51abdce90366185ed764ac7892a8705f.jpg,640,480,004_sugar_box,15,139,132,361
7_jpg.rf.51abdce90366185ed764ac7892a8705f.jpg,640,480,003_cracker_box,193,235,476,418
6_jpg.rf.391e3cac749ca5c1d10061aabc258639.jpg,640,480,003_cracker_box,345,186,449,336
6_jpg.rf.391e3cac749ca5c1d10061aabc258639.jpg,640,480,025_mug,387,304,467,373
6_jpg.rf.391e3cac749ca5c1d10061aabc258639.jpg,640,480,036_wood_block,468,196,528,310
6_jpg.rf.391e3cac749ca5c1d10061aabc258639.jpg,640,480,002_master_chef_can,499,255,574,362
6_jpg.rf.391e3cac749ca5c1d10061aabc258639.jpg,640,480,008_pudding_box,567,249,625,330
16_jpg.rf.55fa873f0ecbf6654bb8f50f3b22c798.jpg,640,480,009_gelatin_box,260,233,352,308
16_jpg.rf.55fa873f0ecbf6654bb8f50f3b22c798.jpg,640,480,010_potted_meat_can,203,197,282,274
16_jpg.rf.55fa873f0ecbf6654bb8f50f3b22c798.jpg,640,480,005_tomato_soup_can,150,266,238,385
16_jpg.rf.55fa873f0ecbf6654bb8f50f3b22c798.jpg,640,480,025_mug,458,195,560,289
16_jpg.rf.55fa873f0ecbf6654bb8f50f3b22c798.jpg,640,480,024_bowl,357,231,512,331
63_jpg.rf.3042f3d6347733dad88741a8cc234713.jpg,640,480,002_master_chef_can,146,239,212,330
63_jpg.rf.3042f3d6347733dad88741a8cc234713.jpg,640,480,006_mustard_bottle,168,201,213,294
63_jpg.rf.3042f3d6347733dad88741a8cc234713.jpg,640,480,011_banana,235,278,316,318
63_jpg.rf.3042f3d6347733dad88741a8cc234713.jpg,640,480,036_wood_block,331,183,378,289
0_jpg.rf.565316ce2906c1acaad803187dc2cd06.jpg,640,480,021_bleach_cleanser,241,229,288,346
0_jpg.rf.565316ce2906c1acaad803187dc2cd06.jpg,640,480,024_bowl,339,300,410,346
0_jpg.rf.565316ce2906c1acaad803187dc2cd06.jpg,640,480,011_banana,372,336,438,393
0_jpg.rf.565316ce2906c1acaad803187dc2cd06.jpg,640,480,052_extra_large_clamp,279,341,378,398
0_jpg.rf.565316ce2906c1acaad803187dc2cd06.jpg,640,480,051_large_clamp,155,359,212,400
13_jpg.rf.605c6a0454f4f55f8c51d405b23cfbfc.jpg,640,480,002_master_chef_can,261,249,316,328
13_jpg.rf.605c6a0454f4f55f8c51d405b23cfbfc.jpg,640,480,006_mustard_bottle,214,218,258,317
13_jpg.rf.605c6a0454f4f55f8c51d405b23cfbfc.jpg,640,480,005_tomato_soup_can,163,273,206,335
13_jpg.rf.605c6a0454f4f55f8c51d405b23cfbfc.jpg,640,480,052_extra_large_clamp,208,315,321,364
19_jpg.rf.56edfc2da5ced464e5a762bcffb27270.jpg,640,480,025_mug,275,301,333,360
19_jpg.rf.56edfc2da5ced464e5a762bcffb27270.jpg,640,480,009_gelatin_box,348,339,420,386
19_jpg.rf.56edfc2da5ced464e5a762bcffb27270.jpg,640,480,021_bleach_cleanser,435,337,514,443
19_jpg.rf.56edfc2da5ced464e5a762bcffb27270.jpg,640,480,007_tuna_fish_can,342,394,410,444
19_jpg.rf.56edfc2da5ced464e5a762bcffb27270.jpg,640,480,024_bowl,184,342,295,406
31_jpg.rf.3adb7654d6567c2f7f6dec22823d406c.jpg,640,480,002_master_chef_can,354,254,412,347
31_jpg.rf.3adb7654d6567c2f7f6dec22823d406c.jpg,640,480,061_foam_brick,214,339,274,391
31_jpg.rf.3adb7654d6567c2f7f6dec22823d406c.jpg,640,480,036_wood_block,219,219,286,335
31_jpg.rf.3adb7654d6567c2f7f6dec22823d406c.jpg,640,480,003_cracker_box,85,202,190,358
31_jpg.rf.3adb7654d6567c2f7f6dec22823d406c.jpg,640,480,040_large_marker,242,163,255,222
22_jpg.rf.38ac24e496755924d315d6ea59cd27c9.jpg,640,480,024_bowl,261,269,333,310
22_jpg.rf.38ac24e496755924d315d6ea59cd27c9.jpg,640,480,051_large_clamp,240,317,332,359
22_jpg.rf.38ac24e496755924d315d6ea59cd27c9.jpg,640,480,011_banana,184,284,253,326
22_jpg.rf.38ac24e496755924d315d6ea59cd27c9.jpg,640,480,040_large_marker,105,329,177,362
22_jpg.rf.38ac24e496755924d315d6ea59cd27c9.jpg,640,480,010_potted_meat_can,89,275,155,330
2_jpg.rf.64787950ee0c8d72cff36cf7386ddaff.jpg,640,480,052_extra_large_clamp,302,193,458,259
2_jpg.rf.64787950ee0c8d72cff36cf7386ddaff.jpg,640,480,007_tuna_fish_can,310,268,385,337
2_jpg.rf.64787950ee0c8d72cff36cf7386ddaff.jpg,640,480,011_banana,186,245,253,332
2_jpg.rf.64787950ee0c8d72cff36cf7386ddaff.jpg,640,480,024_bowl,154,164,253,219
2_jpg.rf.64787950ee0c8d72cff36cf7386ddaff.jpg,640,480,021_bleach_cleanser,58,86,161,300
69_jpg.rf.54167dc25aed0d9223423480b1572dfc.jpg,640,480,006_mustard_bottle,122,222,175,326
69_jpg.rf.54167dc25aed0d9223423480b1572dfc.jpg,640,480,011_banana,181,308,275,352
69_jpg.rf.54167dc25aed0d9223423480b1572dfc.jpg,640,480,025_mug,293,264,349,316
69_jpg.rf.54167dc25aed0d9223423480b1572dfc.jpg,640,480,051_large_clamp,249,336,358,394
15_jpg.rf.5a0d227b3cfe0ce882e681c2c99a692c.jpg,640,480,021_bleach_cleanser,302,225,355,379
15_jpg.rf.5a0d227b3cfe0ce882e681c2c99a692c.jpg,640,480,036_wood_block,141,259,205,388
15_jpg.rf.5a0d227b3cfe0ce882e681c2c99a692c.jpg,640,480,037_scissors,74,401,201,460
15_jpg.rf.5a0d227b3cfe0ce882e681c2c99a692c.jpg,640,480,009_gelatin_box,210,365,287,407
15_jpg.rf.5a0d227b3cfe0ce882e681c2c99a692c.jpg,640,480,061_foam_brick,290,384,359,434
80_jpg.rf.5aacdcced844b7b0853eca81465b4d9a.jpg,640,480,025_mug,60,339,137,413
80_jpg.rf.5aacdcced844b7b0853eca81465b4d9a.jpg,640,480,061_foam_brick,133,308,178,360
80_jpg.rf.5aacdcced844b7b0853eca81465b4d9a.jpg,640,480,007_tuna_fish_can,172,387,239,437
80_jpg.rf.5aacdcced844b7b0853eca81465b4d9a.jpg,640,480,004_sugar_box,257,233,311,352
80_jpg.rf.5aacdcced844b7b0853eca81465b4d9a.jpg,640,480,035_power_drill,285,268,347,401
94_jpg.rf.65f25833f661b4697e3302c8bd2d6157.jpg,640,480,037_scissors,139,379,235,436
94_jpg.rf.65f25833f661b4697e3302c8bd2d6157.jpg,640,480,052_extra_large_clamp,215,348,351,415
94_jpg.rf.65f25833f661b4697e3302c8bd2d6157.jpg,640,480,005_tomato_soup_can,335,296,378,363
94_jpg.rf.65f25833f661b4697e3302c8bd2d6157.jpg,640,480,008_pudding_box,258,272,313,348
12_jpg.rf.68c2d1d79daaff63261784dac0583d32.jpg,640,480,002_master_chef_can,249,237,319,322
12_jpg.rf.68c2d1d79daaff63261784dac0583d32.jpg,640,480,006_mustard_bottle,181,214,221,322
12_jpg.rf.68c2d1d79daaff63261784dac0583d32.jpg,640,480,005_tomato_soup_can,148,278,197,350
12_jpg.rf.68c2d1d79daaff63261784dac0583d32.jpg,640,480,052_extra_large_clamp,214,317,348,362
19_jpg.rf.51577b74ab9d3bac3310adf5df5756ff.jpg,640,480,024_bowl,225,287,318,341
19_jpg.rf.51577b74ab9d3bac3310adf5df5756ff.jpg,640,480,051_large_clamp,173,264,241,342
19_jpg.rf.51577b74ab9d3bac3310adf5df5756ff.jpg,640,480,009_gelatin_box,77,296,148,344
19_jpg.rf.51577b74ab9d3bac3310adf5df5756ff.jpg,640,480,010_potted_meat_can,37,274,97,324
18_jpg.rf.625153644676d9563cd8aa7689102a21.jpg,640,480,051_large_clamp,250,276,354,359
18_jpg.rf.625153644676d9563cd8aa7689102a21.jpg,640,480,024_bowl,308,294,402,348
18_jpg.rf.625153644676d9563cd8aa7689102a21.jpg,640,480,009_gelatin_box,164,325,242,385
18_jpg.rf.625153644676d9563cd8aa7689102a21.jpg,640,480,010_potted_meat_can,69,304,142,379
11_jpg.rf.6fe008fb9647a8b9e01b71932aba2a3c.jpg,640,480,006_mustard_bottle,121,219,166,330
11_jpg.rf.6fe008fb9647a8b9e01b71932aba2a3c.jpg,640,480,002_master_chef_can,176,257,251,357
11_jpg.rf.6fe008fb9647a8b9e01b71932aba2a3c.jpg,640,480,008_pudding_box,253,248,312,320
11_jpg.rf.6fe008fb9647a8b9e01b71932aba2a3c.jpg,640,480,025_mug,325,269,390,322
93_jpg.rf.67bf689ce7bd708a6286b8f5fd240a44.jpg,640,480,005_tomato_soup_can,336,326,383,406
93_jpg.rf.67bf689ce7bd708a6286b8f5fd240a44.jpg,640,480,008_pudding_box,321,283,366,368
93_jpg.rf.67bf689ce7bd708a6286b8f5fd240a44.jpg,640,480,052_extra_large_clamp,196,359,299,437
93_jpg.rf.67bf689ce7bd708a6286b8f5fd240a44.jpg,640,480,037_scissors,132,356,203,414
73_jpg.rf.6c53b5494521a93c78addd6ab8e8261e.jpg,640,480,051_large_clamp,49,354,143,415
73_jpg.rf.6c53b5494521a93c78addd6ab8e8261e.jpg,640,480,040_large_marker,194,332,217,420
73_jpg.rf.6c53b5494521a93c78addd6ab8e8261e.jpg,640,480,011_banana,184,327,266,364
73_jpg.rf.6c53b5494521a93c78addd6ab8e8261e.jpg,640,480,025_mug,279,327,343,400
73_jpg.rf.6c53b5494521a93c78addd6ab8e8261e.jpg,640,480,009_gelatin_box,272,288,316,350
24_jpg.rf.6730938617f1fe800cc45ab47ed97993.jpg,640,480,036_wood_block,321,215,381,344
24_jpg.rf.6730938617f1fe800cc45ab47ed97993.jpg,640,480,002_master_chef_can,431,231,498,316
24_jpg.rf.6730938617f1fe800cc45ab47ed97993.jpg,640,480,051_large_clamp,480,326,603,368
24_jpg.rf.6730938617f1fe800cc45ab47ed97993.jpg,640,480,040_large_marker,369,354,411,404
24_jpg.rf.6730938617f1fe800cc45ab47ed97993.jpg,640,480,011_banana,406,309,467,364
9_jpg.rf.5bafb2cb6a4371dc1a35560a1ed741da.jpg,640,480,008_pudding_box,463,256,551,324
9_jpg.rf.5bafb2cb6a4371dc1a35560a1ed741da.jpg,640,480,040_large_marker,420,259,437,339
9_jpg.rf.5bafb2cb6a4371dc1a35560a1ed741da.jpg,640,480,021_bleach_cleanser,326,152,389,302
9_jpg.rf.5bafb2cb6a4371dc1a35560a1ed741da.jpg,640,480,003_cracker_box,227,167,313,354
9_jpg.rf.5bafb2cb6a4371dc1a35560a1ed741da.jpg,640,480,009_gelatin_box,342,300,403,384
62_jpg.rf.65c24b586ab7da4c45a896cb04608741.jpg,640,480,002_master_chef_can,147,240,210,330
62_jpg.rf.65c24b586ab7da4c45a896cb04608741.jpg,640,480,006_mustard_bottle,168,202,212,295
62_jpg.rf.65c24b586ab7da4c45a896cb04608741.jpg,640,480,035_power_drill,225,195,299,290
62_jpg.rf.65c24b586ab7da4c45a896cb04608741.jpg,640,480,011_banana,236,277,313,317
62_jpg.rf.65c24b586ab7da4c45a896cb04608741.jpg,640,480,004_sugar_box,299,206,335,342
3_jpg.rf.702621012ac583c1f1603715627c65d9.jpg,640,480,003_cracker_box,176,70,316,244
3_jpg.rf.702621012ac583c1f1603715627c65d9.jpg,640,480,021_bleach_cleanser,55,90,154,299
3_jpg.rf.702621012ac583c1f1603715627c65d9.jpg,640,480,052_extra_large_clamp,330,185,469,237
3_jpg.rf.702621012ac583c1f1603715627c65d9.jpg,640,480,007_tuna_fish_can,360,242,438,301
3_jpg.rf.702621012ac583c1f1603715627c65d9.jpg,640,480,024_bowl,179,223,317,313
12_jpg.rf.7570e043fbe6ac57fe30c437cbc910bd.jpg,640,480,021_bleach_cleanser,291,186,347,322
12_jpg.rf.7570e043fbe6ac57fe30c437cbc910bd.jpg,640,480,040_large_marker,222,284,244,363
12_jpg.rf.7570e043fbe6ac57fe30c437cbc910bd.jpg,640,480,010_potted_meat_can,164,272,220,328
12_jpg.rf.7570e043fbe6ac57fe30c437cbc910bd.jpg,640,480,008_pudding_box,144,361,263,431
12_jpg.rf.7570e043fbe6ac57fe30c437cbc910bd.jpg,640,480,009_gelatin_box,303,332,382,390
24_jpg.rf.765bb5f5907ac0f85f86adcca9d253b1.jpg,640,480,006_mustard_bottle,220,123,298,243
24_jpg.rf.765bb5f5907ac0f85f86adcca9d253b1.jpg,640,480,011_banana,212,220,320,269
24_jpg.rf.765bb5f5907ac0f85f86adcca9d253b1.jpg,640,480,037_scissors,251,254,385,297
24_jpg.rf.765bb5f5907ac0f85f86adcca9d253b1.jpg,640,480,051_large_clamp,211,285,356,375
24_jpg.rf.765bb5f5907ac0f85f86adcca9d253b1.jpg,640,480,035_power_drill,26,242,197,325
14_jpg.rf.655ba61912ba315a52db01fb2f50e9a7.jpg,640,480,021_bleach_cleanser,302,218,355,380
14_jpg.rf.655ba61912ba315a52db01fb2f50e9a7.jpg,640,480,010_potted_meat_can,210,319,277,386
14_jpg.rf.655ba61912ba315a52db01fb2f50e9a7.jpg,640,480,009_gelatin_box,369,375,463,424
14_jpg.rf.655ba61912ba315a52db01fb2f50e9a7.jpg,640,480,008_pudding_box,260,387,364,454
14_jpg.rf.655ba61912ba315a52db01fb2f50e9a7.jpg,640,480,040_large_marker,171,345,197,435
1_jpg.rf.6f3d3ea52dc02b83760b4fb426fec581.jpg,640,480,035_power_drill,280,207,393,315
1_jpg.rf.6f3d3ea52dc02b83760b4fb426fec581.jpg,640,480,036_wood_block,154,279,306,400
1_jpg.rf.6f3d3ea52dc02b83760b4fb426fec581.jpg,640,480,037_scissors,252,381,397,453
1_jpg.rf.6f3d3ea52dc02b83760b4fb426fec581.jpg,640,480,051_large_clamp,429,321,525,386
1_jpg.rf.6f3d3ea52dc02b83760b4fb426fec581.jpg,640,480,052_extra_large_clamp,316,291,441,366
77_jpg.rf.4aaa5b0da10f241259b904649f123b6e.jpg,640,480,025_mug,181,352,260,438
77_jpg.rf.4aaa5b0da10f241259b904649f123b6e.jpg,640,480,061_foam_brick,58,350,107,420
77_jpg.rf.4aaa5b0da10f241259b904649f123b6e.jpg,640,480,004_sugar_box,77,226,147,351
77_jpg.rf.4aaa5b0da10f241259b904649f123b6e.jpg,640,480,035_power_drill,201,235,302,340
77_jpg.rf.4aaa5b0da10f241259b904649f123b6e.jpg,640,480,007_tuna_fish_can,284,342,342,386
20_jpg.rf.6f30ec0d8d45cf9c42deb6bcafaceb55.jpg,640,480,035_power_drill,183,274,304,394
20_jpg.rf.6f30ec0d8d45cf9c42deb6bcafaceb55.jpg,640,480,006_mustard_bottle,380,259,442,387
20_jpg.rf.6f30ec0d8d45cf9c42deb6bcafaceb55.jpg,640,480,061_foam_brick,298,361,355,419
20_jpg.rf.6f30ec0d8d45cf9c42deb6bcafaceb55.jpg,640,480,007_tuna_fish_can,369,393,449,445
20_jpg.rf.6f30ec0d8d45cf9c42deb6bcafaceb55.jpg,640,480,051_large_clamp,189,400,308,476
4_jpg.rf.692d9c71dd230d7ecbdde0c49fe464fe.jpg,640,480,035_power_drill,210,253,299,366
4_jpg.rf.692d9c71dd230d7ecbdde0c49fe464fe.jpg,640,480,036_wood_block,289,309,418,403
4_jpg.rf.692d9c71dd230d7ecbdde0c49fe464fe.jpg,640,480,037_scissors,270,387,400,444
4_jpg.rf.692d9c71dd230d7ecbdde0c49fe464fe.jpg,640,480,052_extra_large_clamp,105,337,217,412
4_jpg.rf.692d9c71dd230d7ecbdde0c49fe464fe.jpg,640,480,051_large_clamp,70,403,205,476
35_jpg.rf.77db73859ec66233075218c850531c5d.jpg,640,480,051_large_clamp,222,309,307,360
35_jpg.rf.77db73859ec66233075218c850531c5d.jpg,640,480,061_foam_brick,187,331,233,376
35_jpg.rf.77db73859ec66233075218c850531c5d.jpg,640,480,002_master_chef_can,108,272,176,369
35_jpg.rf.77db73859ec66233075218c850531c5d.jpg,640,480,003_cracker_box,59,208,164,346
10_jpg.rf.938e8fe4d0ea254f8c2f1b27047c10e0.jpg,640,480,009_gelatin_box,298,284,418,363
10_jpg.rf.938e8fe4d0ea254f8c2f1b27047c10e0.jpg,640,480,008_pudding_box,218,217,317,266
10_jpg.rf.938e8fe4d0ea254f8c2f1b27047c10e0.jpg,640,480,040_large_marker,235,246,269,359
10_jpg.rf.938e8fe4d0ea254f8c2f1b27047c10e0.jpg,640,480,003_cracker_box,15,106,199,364
10_jpg.rf.938e8fe4d0ea254f8c2f1b27047c10e0.jpg,640,480,021_bleach_cleanser,84,360,375,475
4_jpg.rf.40505bde01a495bb33bd338322fa840a.jpg,640,480,052_extra_large_clamp,359,299,484,379
4_jpg.rf.40505bde01a495bb33bd338322fa840a.jpg,640,480,003_cracker_box,228,174,335,337
4_jpg.rf.40505bde01a495bb33bd338322fa840a.jpg,640,480,021_bleach_cleanser,124,184,195,336
4_jpg.rf.40505bde01a495bb33bd338322fa840a.jpg,640,480,024_bowl,142,312,254,375
4_jpg.rf.40505bde01a495bb33bd338322fa840a.jpg,640,480,007_tuna_fish_can,257,361,331,418
17_jpg.rf.7de6a707fb681326f3087a29f1a53b63.jpg,640,480,009_gelatin_box,272,259,320,305
17_jpg.rf.7de6a707fb681326f3087a29f1a53b63.jpg,640,480,010_potted_meat_can,199,267,241,326
17_jpg.rf.7de6a707fb681326f3087a29f1a53b63.jpg,640,480,005_tomato_soup_can,159,289,205,362
17_jpg.rf.7de6a707fb681326f3087a29f1a53b63.jpg,640,480,052_extra_large_clamp,272,314,402,376
18_jpg.rf.901a3ecfabed7b9ec286f435e960c644.jpg,640,480,021_bleach_cleanser,332,118,395,276
18_jpg.rf.901a3ecfabed7b9ec286f435e960c644.jpg,640,480,025_mug,247,247,319,324
18_jpg.rf.901a3ecfabed7b9ec286f435e960c644.jpg,640,480,024_bowl,285,285,424,380
18_jpg.rf.901a3ecfabed7b9ec286f435e960c644.jpg,640,480,009_gelatin_box,159,236,228,295
18_jpg.rf.901a3ecfabed7b9ec286f435e960c644.jpg,640,480,007_tuna_fish_can,134,303,213,357
27_jpg.rf.8b9abf7a1058662744a08e7d4c45206c.jpg,640,480,006_mustard_bottle,281,264,340,388
27_jpg.rf.8b9abf7a1058662744a08e7d4c45206c.jpg,640,480,004_sugar_box,158,272,250,431
27_jpg.rf.8b9abf7a1058662744a08e7d4c45206c.jpg,640,480,002_master_chef_can,386,291,457,402
27_jpg.rf.8b9abf7a1058662744a08e7d4c45206c.jpg,640,480,040_large_marker,337,173,357,236
27_jpg.rf.8b9abf7a1058662744a08e7d4c45206c.jpg,640,480,036_wood_block,324,236,374,346
8_jpg.rf.85c16445f97d08d846c1c523f170f56e.jpg,640,480,003_cracker_box,270,54,394,205
8_jpg.rf.85c16445f97d08d846c1c523f170f56e.jpg,640,480,036_wood_block,257,190,432,302
8_jpg.rf.85c16445f97d08d846c1c523f170f56e.jpg,640,480,004_sugar_box,128,84,196,242
8_jpg.rf.85c16445f97d08d846c1c523f170f56e.jpg,640,480,035_power_drill,110,244,255,352
8_jpg.rf.85c16445f97d08d846c1c523f170f56e.jpg,640,480,037_scissors,272,292,435,384
21_jpg.rf.86ed6319e47530212841961ccea5f154.jpg,640,480,024_bowl,277,285,362,332
21_jpg.rf.86ed6319e47530212841961ccea5f154.jpg,640,480,011_banana,196,294,279,325
21_jpg.rf.86ed6319e47530212841961ccea5f154.jpg,640,480,040_large_marker,96,330,171,344
21_jpg.rf.86ed6319e47530212841961ccea5f154.jpg,640,480,010_potted_meat_can,119,270,175,321
21_jpg.rf.86ed6319e47530212841961ccea5f154.jpg,640,480,051_large_clamp,181,332,294,383
12_jpg.rf.9de83dbb54eac6397635a6c41c4660bf.jpg,640,480,005_tomato_soup_can,348,262,409,368
12_jpg.rf.9de83dbb54eac6397635a6c41c4660bf.jpg,640,480,010_potted_meat_can,300,237,380,310
12_jpg.rf.9de83dbb54eac6397635a6c41c4660bf.jpg,640,480,037_scissors,220,259,279,329
12_jpg.rf.9de83dbb54eac6397635a6c41c4660bf.jpg,640,480,007_tuna_fish_can,211,345,302,419
12_jpg.rf.9de83dbb54eac6397635a6c41c4660bf.jpg,640,480,021_bleach_cleanser,85,143,167,340
13_jpg.rf.766870713eb00eaf15601cb2024d11f1.jpg,640,480,004_sugar_box,270,138,347,272
13_jpg.rf.766870713eb00eaf15601cb2024d11f1.jpg,640,480,010_potted_meat_can,199,245,279,320
13_jpg.rf.766870713eb00eaf15601cb2024d11f1.jpg,640,480,021_bleach_cleanser,73,142,174,333
13_jpg.rf.766870713eb00eaf15601cb2024d11f1.jpg,640,480,005_tomato_soup_can,348,260,410,361
13_jpg.rf.766870713eb00eaf15601cb2024d11f1.jpg,640,480,007_tuna_fish_can,212,349,306,417
32_jpg.rf.acd2b20e574c06a02689f84504ea1ccc.jpg,640,480,002_master_chef_can,391,285,467,398
32_jpg.rf.acd2b20e574c06a02689f84504ea1ccc.jpg,640,480,061_foam_brick,204,339,267,389
32_jpg.rf.acd2b20e574c06a02689f84504ea1ccc.jpg,640,480,003_cracker_box,204,204,300,334
32_jpg.rf.acd2b20e574c06a02689f84504ea1ccc.jpg,640,480,040_large_marker,341,170,357,233
32_jpg.rf.acd2b20e574c06a02689f84504ea1ccc.jpg,640,480,036_wood_block,323,229,376,344
9_jpg.rf.9fc0cf056f13eda76db8e0698ed44ed7.jpg,640,480,021_bleach_cleanser,408,265,468,409
9_jpg.rf.9fc0cf056f13eda76db8e0698ed44ed7.jpg,640,480,004_sugar_box,288,275,340,397
9_jpg.rf.9fc0cf056f13eda76db8e0698ed44ed7.jpg,640,480,002_master_chef_can,187,313,242,390
9_jpg.rf.9fc0cf056f13eda76db8e0698ed44ed7.jpg,640,480,003_cracker_box,142,381,272,475
9_jpg.rf.9fc0cf056f13eda76db8e0698ed44ed7.jpg,640,480,035_power_drill,297,387,404,464
11_jpg.rf.9b1d27b598ea09fd501f8b022d47a0f3.jpg,640,480,003_cracker_box,294,227,410,395
11_jpg.rf.9b1d27b598ea09fd501f8b022d47a0f3.jpg,640,480,005_tomato_soup_can,339,357,395,449
11_jpg.rf.9b1d27b598ea09fd501f8b022d47a0f3.jpg,640,480,051_large_clamp,211,351,301,408
11_jpg.rf.9b1d27b598ea09fd501f8b022d47a0f3.jpg,640,480,052_extra_large_clamp,65,371,180,455
11_jpg.rf.9b1d27b598ea09fd501f8b022d47a0f3.jpg,640,480,061_foam_brick,206,409,284,471
01_jpg.rf.a168dbd922500f381623d63fb52489d6.jpg,640,480,035_power_drill,279,277,397,394
01_jpg.rf.a168dbd922500f381623d63fb52489d6.jpg,640,480,061_foam_brick,302,379,364,428
01_jpg.rf.a168dbd922500f381623d63fb52489d6.jpg,640,480,004_sugar_box,363,248,402,375
01_jpg.rf.a168dbd922500f381623d63fb52489d6.jpg,640,480,037_scissors,366,354,427,437
01_jpg.rf.a168dbd922500f381623d63fb52489d6.jpg,640,480,007_tuna_fish_can,395,358,442,393
10_jpg.rf.9a243b41c126848caa62ca8fbd5142e0.jpg,640,480,025_mug,334,314,395,375
10_jpg.rf.9a243b41c126848caa62ca8fbd5142e0.jpg,640,480,008_pudding_box,258,311,324,409
10_jpg.rf.9a243b41c126848caa62ca8fbd5142e0.jpg,640,480,002_master_chef_can,122,300,207,414
10_jpg.rf.9a243b41c126848caa62ca8fbd5142e0.jpg,640,480,006_mustard_bottle,164,249,221,355
3_jpg.rf.ae4647e2d64923375c56ea1ba5b86fa9.jpg,640,480,051_large_clamp,307,377,422,439
3_jpg.rf.ae4647e2d64923375c56ea1ba5b86fa9.jpg,640,480,052_extra_large_clamp,245,342,372,406
3_jpg.rf.ae4647e2d64923375c56ea1ba5b86fa9.jpg,640,480,035_power_drill,248,251,339,349
3_jpg.rf.ae4647e2d64923375c56ea1ba5b86fa9.jpg,640,480,036_wood_block,88,315,228,408
3_jpg.rf.ae4647e2d64923375c56ea1ba5b86fa9.jpg,640,480,037_scissors,103,416,261,455
23_jpg.rf.8d296996e19d01cf9c6f558b4875582b.jpg,640,480,010_potted_meat_can,283,299,352,367
23_jpg.rf.8d296996e19d01cf9c6f558b4875582b.jpg,640,480,024_bowl,422,272,522,319
23_jpg.rf.8d296996e19d01cf9c6f558b4875582b.jpg,640,480,051_large_clamp,477,330,607,377
23_jpg.rf.8d296996e19d01cf9c6f558b4875582b.jpg,640,480,040_large_marker,367,357,413,404
23_jpg.rf.8d296996e19d01cf9c6f558b4875582b.jpg,640,480,011_banana,382,299,426,351
76_jpg.rf.a08c2ffa1b7806e49a8a1fbf5ba89ec3.jpg,640,480,025_mug,197,338,287,420
76_jpg.rf.a08c2ffa1b7806e49a8a1fbf5ba89ec3.jpg,640,480,011_banana,36,352,149,419
76_jpg.rf.a08c2ffa1b7806e49a8a1fbf5ba89ec3.jpg,640,480,004_sugar_box,87,223,144,350
76_jpg.rf.a08c2ffa1b7806e49a8a1fbf5ba89ec3.jpg,640,480,035_power_drill,201,236,299,342
76_jpg.rf.a08c2ffa1b7806e49a8a1fbf5ba89ec3.jpg,640,480,040_large_marker,269,291,289,369
5_jpg.rf.9bf99b9dbe86a8c50c40435f91688c3b.jpg,640,480,035_power_drill,209,258,295,363
5_jpg.rf.9bf99b9dbe86a8c50c40435f91688c3b.jpg,640,480,036_wood_block,288,310,416,400
5_jpg.rf.9bf99b9dbe86a8c50c40435f91688c3b.jpg,640,480,004_sugar_box,116,251,178,378
5_jpg.rf.9bf99b9dbe86a8c50c40435f91688c3b.jpg,640,480,003_cracker_box,42,363,242,480
5_jpg.rf.9bf99b9dbe86a8c50c40435f91688c3b.jpg,640,480,037_scissors,276,380,398,448
55_jpg.rf.b5b4b617f28469d8961ddc156f343725.jpg,640,480,024_bowl,269,268,308,337
55_jpg.rf.b5b4b617f28469d8961ddc156f343725.jpg,640,480,052_extra_large_clamp,138,333,284,397
55_jpg.rf.b5b4b617f28469d8961ddc156f343725.jpg,640,480,006_mustard_bottle,182,219,238,320
55_jpg.rf.b5b4b617f28469d8961ddc156f343725.jpg,640,480,024_bowl,318,299,417,357
55_jpg.rf.b5b4b617f28469d8961ddc156f343725.jpg,640,480,010_potted_meat_can,127,280,176,339
83_jpg.rf.7ed3e9d8d7d9ac8dcd6d481cbf1c4e6d.jpg,640,480,007_tuna_fish_can,256,306,308,343
83_jpg.rf.7ed3e9d8d7d9ac8dcd6d481cbf1c4e6d.jpg,640,480,024_bowl,203,259,281,301
83_jpg.rf.7ed3e9d8d7d9ac8dcd6d481cbf1c4e6d.jpg,640,480,010_potted_meat_can,202,313,248,395
83_jpg.rf.7ed3e9d8d7d9ac8dcd6d481cbf1c4e6d.jpg,640,480,061_foam_brick,59,323,115,389
83_jpg.rf.7ed3e9d8d7d9ac8dcd6d481cbf1c4e6d.jpg,640,480,004_sugar_box,82,210,144,332
72_jpg.rf.a89008e6e2a6dfbcf7f07f49765874bd.jpg,640,480,051_large_clamp,156,346,254,408
72_jpg.rf.a89008e6e2a6dfbcf7f07f49765874bd.jpg,640,480,011_banana,147,310,250,340
72_jpg.rf.a89008e6e2a6dfbcf7f07f49765874bd.jpg,640,480,009_gelatin_box,224,263,264,317
72_jpg.rf.a89008e6e2a6dfbcf7f07f49765874bd.jpg,640,480,040_large_marker,298,289,316,362
72_jpg.rf.a89008e6e2a6dfbcf7f07f49765874bd.jpg,640,480,025_mug,303,280,351,335
8_jpg.rf.9ecc28617bf27d75d932ee6611fa5671.jpg,640,480,021_bleach_cleanser,360,214,415,362
8_jpg.rf.9ecc28617bf27d75d932ee6611fa5671.jpg,640,480,040_large_marker,361,326,383,411
8_jpg.rf.9ecc28617bf27d75d932ee6611fa5671.jpg,640,480,008_pudding_box,430,341,528,418
8_jpg.rf.9ecc28617bf27d75d932ee6611fa5671.jpg,640,480,003_cracker_box,222,228,332,380
8_jpg.rf.9ecc28617bf27d75d932ee6611fa5671.jpg,640,480,009_gelatin_box,260,355,343,415
36_jpg.rf.8cf17d7bcb28bd9a6c8ebe738e1ffab3.jpg,640,480,061_foam_brick,228,292,277,335
36_jpg.rf.8cf17d7bcb28bd9a6c8ebe738e1ffab3.jpg,640,480,051_large_clamp,216,267,318,312
36_jpg.rf.8cf17d7bcb28bd9a6c8ebe738e1ffab3.jpg,640,480,002_master_chef_can,149,251,213,345
36_jpg.rf.8cf17d7bcb28bd9a6c8ebe738e1ffab3.jpg,640,480,003_cracker_box,57,191,155,335
91_jpg.rf.ae16b89511bd8241adf594a40041d180.jpg,640,480,005_tomato_soup_can,301,292,347,361
91_jpg.rf.ae16b89511bd8241adf594a40041d180.jpg,640,480,008_pudding_box,224,270,282,345
91_jpg.rf.ae16b89511bd8241adf594a40041d180.jpg,640,480,025_mug,185,318,259,387
91_jpg.rf.ae16b89511bd8241adf594a40041d180.jpg,640,480,037_scissors,99,380,221,430
91_jpg.rf.ae16b89511bd8241adf594a40041d180.jpg,640,480,003_cracker_box,44,213,161,369
95_jpg.rf.a8baf716e1072c065cd24d3bf27f3d59.jpg,640,480,037_scissors,187,401,349,449
95_jpg.rf.a8baf716e1072c065cd24d3bf27f3d59.jpg,640,480,008_pudding_box,230,264,291,350
95_jpg.rf.a8baf716e1072c065cd24d3bf27f3d59.jpg,640,480,005_tomato_soup_can,328,278,373,349
95_jpg.rf.a8baf716e1072c065cd24d3bf27f3d59.jpg,640,480,052_extra_large_clamp,263,342,419,409
29_jpg.rf.bef991a765eea70e625fb7c6905afe3c.jpg,640,480,004_sugar_box,380,216,427,371
29_jpg.rf.bef991a765eea70e625fb7c6905afe3c.jpg,640,480,002_master_chef_can,335,218,389,299
29_jpg.rf.bef991a765eea70e625fb7c6905afe3c.jpg,640,480,006_mustard_bottle,244,240,307,375
29_jpg.rf.bef991a765eea70e625fb7c6905afe3c.jpg,640,480,036_wood_block,204,193,266,313
17_jpg.rf.bb7c3431e1d4a445142350bdc7738575.jpg,640,480,036_wood_block,174,138,304,371
17_jpg.rf.bb7c3431e1d4a445142350bdc7738575.jpg,640,480,021_bleach_cleanser,287,179,410,268
17_jpg.rf.bb7c3431e1d4a445142350bdc7738575.jpg,640,480,009_gelatin_box,361,254,459,324
17_jpg.rf.bb7c3431e1d4a445142350bdc7738575.jpg,640,480,061_foam_brick,449,194,506,265
17_jpg.rf.bb7c3431e1d4a445142350bdc7738575.jpg,640,480,037_scissors,385,308,540,432
61_jpg.rf.bf8bc4294fd2be970baa9492ff928943.jpg,640,480,002_master_chef_can,117,267,183,355
61_jpg.rf.bf8bc4294fd2be970baa9492ff928943.jpg,640,480,004_sugar_box,180,255,248,403
61_jpg.rf.bf8bc4294fd2be970baa9492ff928943.jpg,640,480,035_power_drill,237,237,331,331
61_jpg.rf.bf8bc4294fd2be970baa9492ff928943.jpg,640,480,011_banana,207,331,295,359
61_jpg.rf.bf8bc4294fd2be970baa9492ff928943.jpg,640,480,006_mustard_bottle,186,231,236,353
82_jpg.rf.98ecad3345111478fc721f37a4af0cec.jpg,640,480,004_sugar_box,197,221,253,335
82_jpg.rf.98ecad3345111478fc721f37a4af0cec.jpg,640,480,024_bowl,318,290,406,342
82_jpg.rf.98ecad3345111478fc721f37a4af0cec.jpg,640,480,007_tuna_fish_can,280,351,340,395
82_jpg.rf.98ecad3345111478fc721f37a4af0cec.jpg,640,480,010_potted_meat_can,142,341,219,430
82_jpg.rf.98ecad3345111478fc721f37a4af0cec.jpg,640,480,061_foam_brick,95,320,139,379
1_jpg.rf.b6cb227079d620c4f211562b7a4ee5f6.jpg,640,480,021_bleach_cleanser,192,139,254,299
1_jpg.rf.b6cb227079d620c4f211562b7a4ee5f6.jpg,640,480,011_banana,379,244,482,282
1_jpg.rf.b6cb227079d620c4f211562b7a4ee5f6.jpg,640,480,024_bowl,286,212,368,260
1_jpg.rf.b6cb227079d620c4f211562b7a4ee5f6.jpg,640,480,007_tuna_fish_can,220,323,287,373
1_jpg.rf.b6cb227079d620c4f211562b7a4ee5f6.jpg,640,480,052_extra_large_clamp,313,273,451,338
74_jpg.rf.c1aa3560384a1b260e05a7381b66d121.jpg,640,480,035_power_drill,54,275,140,417
74_jpg.rf.c1aa3560384a1b260e05a7381b66d121.jpg,640,480,040_large_marker,192,331,218,419
74_jpg.rf.c1aa3560384a1b260e05a7381b66d121.jpg,640,480,011_banana,148,325,236,363
74_jpg.rf.c1aa3560384a1b260e05a7381b66d121.jpg,640,480,025_mug,278,328,343,400
74_jpg.rf.c1aa3560384a1b260e05a7381b66d121.jpg,640,480,004_sugar_box,283,230,340,343
59_jpg.rf.d636b71a903a994606d493c5e203f3fd.jpg,640,480,004_sugar_box,142,275,223,437
59_jpg.rf.d636b71a903a994606d493c5e203f3fd.jpg,640,480,010_potted_meat_can,240,298,300,357
59_jpg.rf.d636b71a903a994606d493c5e203f3fd.jpg,640,480,024_bowl,317,380,449,465
59_jpg.rf.d636b71a903a994606d493c5e203f3fd.jpg,640,480,006_mustard_bottle,312,249,363,356
59_jpg.rf.d636b71a903a994606d493c5e203f3fd.jpg,640,480,035_power_drill,333,265,439,385
15_jpg.rf.d32a1bdd0dd8d0e7a4376dab052c2909.jpg,640,480,009_gelatin_box,389,337,456,402
15_jpg.rf.d32a1bdd0dd8d0e7a4376dab052c2909.jpg,640,480,010_potted_meat_can,312,305,376,367
15_jpg.rf.d32a1bdd0dd8d0e7a4376dab052c2909.jpg,640,480,005_tomato_soup_can,232,295,269,364
15_jpg.rf.d32a1bdd0dd8d0e7a4376dab052c2909.jpg,640,480,052_extra_large_clamp,126,367,268,451
12_jpg.rf.d6b77cb0fe63edbf5dde93634a71b864.jpg,640,480,003_cracker_box,295,229,408,399
12_jpg.rf.d6b77cb0fe63edbf5dde93634a71b864.jpg,640,480,036_wood_block,174,263,245,411
12_jpg.rf.d6b77cb0fe63edbf5dde93634a71b864.jpg,640,480,052_extra_large_clamp,90,395,251,475
12_jpg.rf.d6b77cb0fe63edbf5dde93634a71b864.jpg,640,480,061_foam_brick,255,394,319,448
97_jpg.rf.e1f95c4c32d2093eafe557770ab534c2.jpg,640,480,002_master_chef_can,252,301,331,422
97_jpg.rf.e1f95c4c32d2093eafe557770ab534c2.jpg,640,480,008_pudding_box,155,316,228,415
97_jpg.rf.e1f95c4c32d2093eafe557770ab534c2.jpg,640,480,006_mustard_bottle,353,265,421,399
97_jpg.rf.e1f95c4c32d2093eafe557770ab534c2.jpg,640,480,036_wood_block,314,231,382,353
92_jpg.rf.c060751008d73d7b5fcaf564760cd53c.jpg,640,480,037_scissors,145,356,199,415
92_jpg.rf.c060751008d73d7b5fcaf564760cd53c.jpg,640,480,025_mug,227,325,286,394
92_jpg.rf.c060751008d73d7b5fcaf564760cd53c.jpg,640,480,005_tomato_soup_can,334,325,384,406
92_jpg.rf.c060751008d73d7b5fcaf564760cd53c.jpg,640,480,003_cracker_box,207,210,267,345
92_jpg.rf.c060751008d73d7b5fcaf564760cd53c.jpg,640,480,008_pudding_box,317,280,368,372
57_jpg.rf.bc1f2c52a2bfb5251c0d482d4c24dcc6.jpg,640,480,010_potted_meat_can,136,311,185,388
57_jpg.rf.bc1f2c52a2bfb5251c0d482d4c24dcc6.jpg,640,480,006_mustard_bottle,163,236,221,352
57_jpg.rf.bc1f2c52a2bfb5251c0d482d4c24dcc6.jpg,640,480,005_tomato_soup_can,281,278,326,346
57_jpg.rf.bc1f2c52a2bfb5251c0d482d4c24dcc6.jpg,640,480,052_extra_large_clamp,228,357,378,435
57_jpg.rf.bc1f2c52a2bfb5251c0d482d4c24dcc6.jpg,640,480,024_bowl,353,291,450,350
15_jpg.rf.d76df97adb515c2651b7e264c6117d80.jpg,640,480,005_tomato_soup_can,392,152,442,255
15_jpg.rf.d76df97adb515c2651b7e264c6117d80.jpg,640,480,024_bowl,209,209,339,296
15_jpg.rf.d76df97adb515c2651b7e264c6117d80.jpg,640,480,025_mug,454,216,570,328
15_jpg.rf.d76df97adb515c2651b7e264c6117d80.jpg,640,480,009_gelatin_box,343,317,470,393
15_jpg.rf.d76df97adb515c2651b7e264c6117d80.jpg,640,480,010_potted_meat_can,101,306,248,422
6_jpg.rf.b40ffca1fcfeb337c87de7fe37c6498c.jpg,640,480,036_wood_block,366,255,499,332
6_jpg.rf.b40ffca1fcfeb337c87de7fe37c6498c.jpg,640,480,035_power_drill,293,211,346,319
6_jpg.rf.b40ffca1fcfeb337c87de7fe37c6498c.jpg,640,480,004_sugar_box,184,210,249,351
6_jpg.rf.b40ffca1fcfeb337c87de7fe37c6498c.jpg,640,480,003_cracker_box,201,327,415,452
6_jpg.rf.b40ffca1fcfeb337c87de7fe37c6498c.jpg,640,480,037_scissors,407,325,543,366
8_jpg.rf.dbd49502db4dec191bbf360337f6dc49.jpg,640,480,025_mug,299,349,366,431
8_jpg.rf.dbd49502db4dec191bbf360337f6dc49.jpg,640,480,008_pudding_box,168,327,242,429
8_jpg.rf.dbd49502db4dec191bbf360337f6dc49.jpg,640,480,002_master_chef_can,41,306,125,421
8_jpg.rf.dbd49502db4dec191bbf360337f6dc49.jpg,640,480,003_cracker_box,232,207,320,333
8_jpg.rf.dbd49502db4dec191bbf360337f6dc49.jpg,640,480,003_cracker_box,298,247,366,374
10_jpg.rf.b96fceb416172e7d24e3b57429af8b1b.jpg,640,480,005_tomato_soup_can,292,244,345,325
10_jpg.rf.b96fceb416172e7d24e3b57429af8b1b.jpg,640,480,061_foam_brick,280,325,350,384
10_jpg.rf.b96fceb416172e7d24e3b57429af8b1b.jpg,640,480,003_cracker_box,166,152,283,299
10_jpg.rf.b96fceb416172e7d24e3b57429af8b1b.jpg,640,480,051_large_clamp,145,301,258,359
10_jpg.rf.b96fceb416172e7d24e3b57429af8b1b.jpg,640,480,052_extra_large_clamp,49,345,234,448
98_jpg.rf.dfca619326c6d7089cace8273496c6b1.jpg,640,480,036_wood_block,332,252,406,392
98_jpg.rf.dfca619326c6d7089cace8273496c6b1.jpg,640,480,006_mustard_bottle,295,301,354,461
98_jpg.rf.dfca619326c6d7089cace8273496c6b1.jpg,640,480,002_master_chef_can,167,324,255,455
98_jpg.rf.dfca619326c6d7089cace8273496c6b1.jpg,640,480,008_pudding_box,109,321,172,420
20_jpg.rf.eb90806c2608eb57085c45014ae08797.jpg,640,480,024_bowl,231,316,326,380
20_jpg.rf.eb90806c2608eb57085c45014ae08797.jpg,640,480,051_large_clamp,199,283,240,377
20_jpg.rf.eb90806c2608eb57085c45014ae08797.jpg,640,480,009_gelatin_box,115,301,169,354
20_jpg.rf.eb90806c2608eb57085c45014ae08797.jpg,640,480,010_potted_meat_can,118,270,179,318
96_jpg.rf.e08152adddbfce7f4fd62381c6c2416f.jpg,640,480,008_pudding_box,224,287,291,377
96_jpg.rf.e08152adddbfce7f4fd62381c6c2416f.jpg,640,480,036_wood_block,255,214,310,336
96_jpg.rf.e08152adddbfce7f4fd62381c6c2416f.jpg,640,480,002_master_chef_can,315,283,399,406
96_jpg.rf.e08152adddbfce7f4fd62381c6c2416f.jpg,640,480,006_mustard_bottle,364,233,428,357
6_jpg.rf.e86a120bc149a300862a8e32cca24c97.jpg,640,480,052_extra_large_clamp,444,343,591,398
6_jpg.rf.e86a120bc149a300862a8e32cca24c97.jpg,640,480,007_tuna_fish_can,379,380,440,430
6_jpg.rf.e86a120bc149a300862a8e32cca24c97.jpg,640,480,003_cracker_box,357,211,457,346
6_jpg.rf.e86a120bc149a300862a8e32cca24c97.jpg,640,480,021_bleach_cleanser,258,229,325,391
6_jpg.rf.e86a120bc149a300862a8e32cca24c97.jpg,640,480,024_bowl,159,361,273,431
58_jpg.rf.cba6d938747ef57ccff6af46887e1fe2.jpg,640,480,007_tuna_fish_can,136,309,185,389
58_jpg.rf.cba6d938747ef57ccff6af46887e1fe2.jpg,640,480,006_mustard_bottle,164,236,221,354
58_jpg.rf.cba6d938747ef57ccff6af46887e1fe2.jpg,640,480,035_power_drill,237,228,327,341
58_jpg.rf.cba6d938747ef57ccff6af46887e1fe2.jpg,640,480,004_sugar_box,324,249,376,427
58_jpg.rf.cba6d938747ef57ccff6af46887e1fe2.jpg,640,480,024_bowl,358,293,449,347
11_jpg.rf.e16e2747f95bbf904abfa77a536ba6d5.jpg,640,480,021_bleach_cleanser,186,66,267,272
11_jpg.rf.e16e2747f95bbf904abfa77a536ba6d5.jpg,640,480,040_large_marker,234,247,269,359
11_jpg.rf.e16e2747f95bbf904abfa77a536ba6d5.jpg,640,480,009_gelatin_box,343,254,440,324
11_jpg.rf.e16e2747f95bbf904abfa77a536ba6d5.jpg,640,480,008_pudding_box,253,346,425,466
11_jpg.rf.e16e2747f95bbf904abfa77a536ba6d5.jpg,640,480,010_potted_meat_can,34,243,139,356
02_jpg.rf.c8f8b95550c3901ddc111591a360f3de.jpg,640,480,037_scissors,339,312,391,390
02_jpg.rf.c8f8b95550c3901ddc111591a360f3de.jpg,640,480,061_foam_brick,312,342,370,401
02_jpg.rf.c8f8b95550c3901ddc111591a360f3de.jpg,640,480,035_power_drill,246,253,364,376
02_jpg.rf.c8f8b95550c3901ddc111591a360f3de.jpg,640,480,004_sugar_box,289,224,330,343
18_jpg.rf.f171d38108ea4ef40f8d659f4ad6e04d.jpg,640,480,037_scissors,454,268,556,386
18_jpg.rf.f171d38108ea4ef40f8d659f4ad6e04d.jpg,640,480,009_gelatin_box,319,294,444,394
18_jpg.rf.f171d38108ea4ef40f8d659f4ad6e04d.jpg,640,480,061_foam_brick,346,233,421,296
18_jpg.rf.f171d38108ea4ef40f8d659f4ad6e04d.jpg,640,480,021_bleach_cleanser,57,182,337,338
18_jpg.rf.f171d38108ea4ef40f8d659f4ad6e04d.jpg,640,480,036_wood_block,170,283,292,439
7_jpg.rf.f9385bf97bd43f415e65801d4ab41229.jpg,640,480,008_pudding_box,323,340,420,415
7_jpg.rf.f9385bf97bd43f415e65801d4ab41229.jpg,640,480,009_gelatin_box,435,353,521,419
7_jpg.rf.f9385bf97bd43f415e65801d4ab41229.jpg,640,480,003_cracker_box,361,210,461,352
7_jpg.rf.f9385bf97bd43f415e65801d4ab41229.jpg,640,480,021_bleach_cleanser,261,227,313,376
7_jpg.rf.f9385bf97bd43f415e65801d4ab41229.jpg,640,480,040_large_marker,222,338,252,426
23_jpg.rf.f0c570393cd7001ff40b34adb656c0ea.jpg,640,480,037_scissors,340,252,440,347
23_jpg.rf.f0c570393cd7001ff40b34adb656c0ea.jpg,640,480,011_banana,244,235,336,327
23_jpg.rf.f0c570393cd7001ff40b34adb656c0ea.jpg,640,480,006_mustard_bottle,209,127,274,288
23_jpg.rf.f0c570393cd7001ff40b34adb656c0ea.jpg,640,480,035_power_drill,69,313,311,480
23_jpg.rf.f0c570393cd7001ff40b34adb656c0ea.jpg,640,480,051_large_clamp,420,304,602,421
14_jpg.rf.fefbbee361b09c9a4dd95db33e1e48ee.jpg,640,480,006_mustard_bottle,261,248,319,353
14_jpg.rf.fefbbee361b09c9a4dd95db33e1e48ee.jpg,640,480,005_tomato_soup_can,194,292,240,354
14_jpg.rf.fefbbee361b09c9a4dd95db33e1e48ee.jpg,640,480,002_master_chef_can,386,279,456,377
14_jpg.rf.fefbbee361b09c9a4dd95db33e1e48ee.jpg,640,480,052_extra_large_clamp,150,363,287,448
9_jpg.rf.e9a176d29c75d230ef3a834add5bc790.jpg,640,480,005_tomato_soup_can,287,149,337,229
9_jpg.rf.e9a176d29c75d230ef3a834add5bc790.jpg,640,480,003_cracker_box,115,52,237,236
9_jpg.rf.e9a176d29c75d230ef3a834add5bc790.jpg,640,480,052_extra_large_clamp,18,255,226,354
9_jpg.rf.e9a176d29c75d230ef3a834add5bc790.jpg,640,480,051_large_clamp,241,284,374,389
9_jpg.rf.e9a176d29c75d230ef3a834add5bc790.jpg,640,480,061_foam_brick,305,222,372,277
5_jpg.rf.e2f43bba1ff8f26a5f4b146a16a29a78.jpg,640,480,003_cracker_box,325,218,387,385
5_jpg.rf.e2f43bba1ff8f26a5f4b146a16a29a78.jpg,640,480,021_bleach_cleanser,246,215,294,341
5_jpg.rf.e2f43bba1ff8f26a5f4b146a16a29a78.jpg,640,480,024_bowl,194,330,300,387
5_jpg.rf.e2f43bba1ff8f26a5f4b146a16a29a78.jpg,640,480,052_extra_large_clamp,361,369,499,446
5_jpg.rf.e2f43bba1ff8f26a5f4b146a16a29a78.jpg,640,480,007_tuna_fish_can,234,389,309,440
00_jpg.rf.d8cd947cda9206b544f2b81290f7361e.jpg,640,480,061_foam_brick,135,395,209,454
00_jpg.rf.d8cd947cda9206b544f2b81290f7361e.jpg,640,480,035_power_drill,182,291,270,424
00_jpg.rf.d8cd947cda9206b544f2b81290f7361e.jpg,640,480,004_sugar_box,277,267,347,406
00_jpg.rf.d8cd947cda9206b544f2b81290f7361e.jpg,640,480,037_scissors,160,395,307,471
00_jpg.rf.d8cd947cda9206b544f2b81290f7361e.jpg,640,480,007_tuna_fish_can,271,401,338,444
25_jpg.rf.f40261b9674278f16a6f7215a48faefd.jpg,640,480,002_master_chef_can,340,241,402,321
25_jpg.rf.f40261b9674278f16a6f7215a48faefd.jpg,640,480,051_large_clamp,279,332,381,375
25_jpg.rf.f40261b9674278f16a6f7215a48faefd.jpg,640,480,011_banana,239,301,317,343
25_jpg.rf.f40261b9674278f16a6f7215a48faefd.jpg,640,480,040_large_marker,154,330,227,359
25_jpg.rf.f40261b9674278f16a6f7215a48faefd.jpg,640,480,040_large_marker,220,210,288,324
7_jpg.rf.fda1c8e86af1f8cbeb104fad294ea259.jpg,640,480,025_mug,136,303,194,366
7_jpg.rf.fda1c8e86af1f8cbeb104fad294ea259.jpg,640,480,003_cracker_box,163,201,248,339
7_jpg.rf.fda1c8e86af1f8cbeb104fad294ea259.jpg,640,480,002_master_chef_can,224,275,292,373
7_jpg.rf.fda1c8e86af1f8cbeb104fad294ea259.jpg,640,480,036_wood_block,296,221,356,331
7_jpg.rf.fda1c8e86af1f8cbeb104fad294ea259.jpg,640,480,008_pudding_box,324,276,380,363
67_jpg.rf.f3a4890a424f53d47fccdc56dae178f3.jpg,640,480,051_large_clamp,69,373,170,439
67_jpg.rf.f3a4890a424f53d47fccdc56dae178f3.jpg,640,480,011_banana,226,346,307,393
67_jpg.rf.f3a4890a424f53d47fccdc56dae178f3.jpg,640,480,006_mustard_bottle,309,243,361,347
67_jpg.rf.f3a4890a424f53d47fccdc56dae178f3.jpg,640,480,025_mug,317,351,387,430
79_jpg.rf.faa09113038dd6cbe3eab8383f76d4f4.jpg,640,480,061_foam_brick,132,304,171,361
79_jpg.rf.faa09113038dd6cbe3eab8383f76d4f4.jpg,640,480,025_mug,181,326,246,402
79_jpg.rf.faa09113038dd6cbe3eab8383f76d4f4.jpg,640,480,004_sugar_box,218,214,275,322
79_jpg.rf.faa09113038dd6cbe3eab8383f76d4f4.jpg,640,480,007_tuna_fish_can,305,336,362,378
79_jpg.rf.faa09113038dd6cbe3eab8383f76d4f4.jpg,640,480,035_power_drill,316,229,379,334